your_mother,???????????????????????????
your_mother,???????????????????????????
your_mother,???????????????????????????
your_mother,???????????????????????????
your_mother,???????????????????????????
your_mother,???????????????????????????
your_mother,???????????????????????????
your_mother,???????????????????????????
your_mother,???????????????????????????
your_mother,???????????????????????????
your_mother,???????????????????????????
your_mother,???????????????????????????
your_mother,???????????????????????????
your_mother,???????????????????????????
your_mother,???????????????????????????
me,??????????T????????????????
